{"learner":{"attributes":{},"gradient_booster":{"model":{"gbtree_model_param":{"num_trees":"4","size_leaf_vector":"0"},"tree_info":[0,1,0,1],"trees":[{"base_weights":[6.179286E-2,4.6964857E-1,-4.247619E-1,3.4152335E-1,7.013575E-1,-7.7922076E-1,7.762557E-2,5.6060606E-1,-6.2068965E-2,7.155963E-1,-2E-1,-4.857143E-1,-8.5833335E-1,-6.1290324E-1,1.8947369E-1],"categories":[],"categories_nodes":[],"categories_segments":[],"categories_sizes":[],"default_left":[true,true,true,true,true,true,true,false,false,false,false,false,false,false,false],"id":0,"left_children":[1,3,5,7,9,11,13,-1,-1,-1,-1,-1,-1,-1,-1],"loss_changes":[1.1420564E2,9.052734E0,4.680536E1,1.8028288E1,1.5613098E0,3.1589813E0,8.573289E0,0E0,0E0,0E0,0E0,0E0,0E0,0E0,0E0],"parents":[2147483647,0,0,1,1,2,2,3,3,4,4,5,5,6,6],"right_children":[2,4,6,8,10,12,14,-1,-1,-1,-1,-1,-1,-1,-1],"split_conditions":[-3.0703467E-1,-1.9549257E-1,-1.7770211E-1,-3.6111146E-1,-2.452142E-1,-2.6974E-1,-3.2012784E-1,1.6818182E-1,-1.862069E-2,2.146789E-1,-6.0000002E-2,-1.457143E-1,-2.5750002E-1,-1.8387097E-1,5.6842107E-2],"split_indices":[132,17,5,63,1,132,3,0,0,0,0,0,0,0,0],"split_type":[0,0,0,0,0,0,0,0,0,0,0,0,0,0,0],"sum_hessian":[5.735E2,3.12E2,2.615E2,2.025E2,1.095E2,1.53E2,1.085E2,1.31E2,7.15E1,1.08E2,1.5E0,3.4E1,1.19E2,1.45E1,9.4E1],"tree_param":{"num_deleted":"0","num_feature":"196","num_nodes":"15","size_leaf_vector":"0"}},{"base_weights":[-6.179286E-2,-4.6964857E-1,4.247619E-1,-3.4152335E-1,-7.013575E-1,7.7922076E-1,-7.762557E-2,-5.6060606E-1,6.2068965E-2,-7.155963E-1,2E-1,4.857143E-1,8.5833335E-1,6.1290324E-1,-1.8947369E-1],"categories":[],"categories_nodes":[],"categories_segments":[],"categories_sizes":[],"default_left":[true,true,true,true,true,true,true,false,false,false,false,false,false,false,false],"id":1,"left_children":[1,3,5,7,9,11,13,-1,-1,-1,-1,-1,-1,-1,-1],"loss_changes":[1.1420564E2,9.052734E0,4.680536E1,1.8028288E1,1.5613098E0,3.1589813E0,8.573289E0,0E0,0E0,0E0,0E0,0E0,0E0,0E0,0E0],"parents":[2147483647,0,0,1,1,2,2,3,3,4,4,5,5,6,6],"right_children":[2,4,6,8,10,12,14,-1,-1,-1,-1,-1,-1,-1,-1],"split_conditions":[-3.0703467E-1,-1.9549257E-1,-1.7770211E-1,-3.6111146E-1,-2.452142E-1,-2.6974E-1,-3.2012784E-1,-1.6818182E-1,1.862069E-2,-2.146789E-1,6.0000002E-2,1.457143E-1,2.5750002E-1,1.8387097E-1,-5.6842107E-2],"split_indices":[132,17,5,63,1,132,3,0,0,0,0,0,0,0,0],"split_type":[0,0,0,0,0,0,0,0,0,0,0,0,0,0,0],"sum_hessian":[5.735E2,3.12E2,2.615E2,2.025E2,1.095E2,1.53E2,1.085E2,1.31E2,7.15E1,1.08E2,1.5E0,3.4E1,1.19E2,1.45E1,9.4E1],"tree_param":{"num_deleted":"0","num_feature":"196","num_nodes":"15","size_leaf_vector":"0"}},{"base_weights":[4.39181E-2,3.179456E-1,-3.4613165E-1,8.689196E-2,4.3307593E-1,-5.897643E-1,1.02454305E-1,3.1393915E-1,-7.0667386E-1,5.1852936E-1,2.974824E-1,-7.331527E-1,-4.7711894E-1,3.167936E-1,-2.5293085E-1],"categories":[],"categories_nodes":[],"categories_segments":[],"categories_sizes":[],"default_left":[true,true,true,true,true,true,true,false,false,false,false,false,false,false,false],"id":2,"left_children":[1,3,5,7,9,11,13,-1,-1,-1,-1,-1,-1,-1,-1],"loss_changes":[5.963997E1,8.678356E0,2.523033E1,2.008067E1,2.3767319E0,2.0632172E0,6.3194103E0,0E0,0E0,0E0,0E0,0E0,0E0,0E0,0E0],"parents":[2147483647,0,0,1,1,2,2,3,3,4,4,5,5,6,6],"right_children":[2,4,6,8,10,12,14,-1,-1,-1,-1,-1,-1,-1,-1],"split_conditions":[-2.998883E-1,-4.301452E-1,-1.1826081E-2,-3.4903494E-1,-3.46218E-1,-9.358533E-2,-1.00155085E-1,9.418175E-2,-2.1200217E-1,1.5555881E-1,8.924472E-2,-2.1994582E-1,-1.4313568E-1,9.503808E-2,-7.587926E-2],"split_indices":[48,100,10,61,65,164,36,0,0,0,0,0,0,0,0],"split_type":[0,0,0,0,0,0,0,0,0,0,0,0,0,0,0],"sum_hessian":[5.559563E2,3.2665283E2,2.2930345E2,1.09218445E2,2.1743439E2,1.4839407E2,8.0909386E1,8.539148E1,2.382697E1,1.3164517E2,8.578922E1,6.286433E1,8.552974E1,5.0537743E1,3.0371645E1],"tree_param":{"num_deleted":"0","num_feature":"196","num_nodes":"15","size_leaf_vector":"0"}},{"base_weights":[-4.391804E-2,-3.1794557E-1,3.4613168E-1,-8.689189E-2,-4.330759E-1,5.897643E-1,-1.0245422E-1,-3.1393906E-1,7.0667386E-1,-5.185293E-1,-2.9748237E-1,7.3315275E-1,4.7711897E-1,-3.167935E-1,2.529309E-1],"categories":[],"categories_nodes":[],"categories_segments":[],"categories_sizes":[],"default_left":[true,true,true,true,true,true,true,false,false,false,false,false,false,false,false],"id":3,"left_children":[1,3,5,7,9,11,13,-1,-1,-1,-1,-1,-1,-1,-1],"loss_changes":[5.9639965E1,8.67836E0,2.5230326E1,2.0080664E1,2.376728E0,2.0632172E0,6.31941E0,0E0,0E0,0E0,0E0,0E0,0E0,0E0,0E0],"parents":[2147483647,0,0,1,1,2,2,3,3,4,4,5,5,6,6],"right_children":[2,4,6,8,10,12,14,-1,-1,-1,-1,-1,-1,-1,-1],"split_conditions":[-2.998883E-1,-4.301452E-1,-1.1826081E-2,-3.4903494E-1,-3.46218E-1,-9.358533E-2,-1.00155085E-1,-9.4181724E-2,2.1200217E-1,-1.555588E-1,-8.9244716E-2,2.1994583E-1,1.431357E-1,-9.503806E-2,7.5879276E-2],"split_indices":[48,100,10,61,65,164,36,0,0,0,0,0,0,0,0],"split_type":[0,0,0,0,0,0,0,0,0,0,0,0,0,0,0],"sum_hessian":[5.559563E2,3.2665283E2,2.2930347E2,1.0921844E2,2.1743439E2,1.4839407E2,8.090939E1,8.539147E1,2.3826967E1,1.3164516E2,8.5789215E1,6.286433E1,8.552975E1,5.0537743E1,3.0371647E1],"tree_param":{"num_deleted":"0","num_feature":"196","num_nodes":"15","size_leaf_vector":"0"}}]},"name":"gbtree"},"learner_model_param":{"base_score":"5E-1","num_class":"2","num_feature":"196"},"objective":{"name":"multi:softmax","softmax_multiclass_param":{"num_class":"2"}}},"version":[1,3,3]}